-- MySQL dump 10.13  Distrib 8.0.30, for Win64 (x86_64)
--
-- Host: localhost    Database: marketpricing
-- ------------------------------------------------------
-- Server version	8.0.30

/*!40101 SET @OLD_CHARACTER_SET_CLIENT=@@CHARACTER_SET_CLIENT */;
/*!40101 SET @OLD_CHARACTER_SET_RESULTS=@@CHARACTER_SET_RESULTS */;
/*!40101 SET @OLD_COLLATION_CONNECTION=@@COLLATION_CONNECTION */;
/*!50503 SET NAMES utf8 */;
/*!40103 SET @OLD_TIME_ZONE=@@TIME_ZONE */;
/*!40103 SET TIME_ZONE='+00:00' */;
/*!40014 SET @OLD_UNIQUE_CHECKS=@@UNIQUE_CHECKS, UNIQUE_CHECKS=0 */;
/*!40014 SET @OLD_FOREIGN_KEY_CHECKS=@@FOREIGN_KEY_CHECKS, FOREIGN_KEY_CHECKS=0 */;
/*!40101 SET @OLD_SQL_MODE=@@SQL_MODE, SQL_MODE='NO_AUTO_VALUE_ON_ZERO' */;
/*!40111 SET @OLD_SQL_NOTES=@@SQL_NOTES, SQL_NOTES=0 */;

--
-- Table structure for table `categories`
--

DROP TABLE IF EXISTS `categories`;
/*!40101 SET @saved_cs_client     = @@character_set_client */;
/*!50503 SET character_set_client = utf8mb4 */;
CREATE TABLE `categories` (
  `categoryId` int NOT NULL AUTO_INCREMENT,
  `categoryName` varchar(45) NOT NULL,
  PRIMARY KEY (`categoryId`),
  UNIQUE KEY `categoryName_UNIQUE` (`categoryName`)
) ENGINE=InnoDB AUTO_INCREMENT=5 DEFAULT CHARSET=utf8mb4 COLLATE=utf8mb4_0900_ai_ci;
/*!40101 SET character_set_client = @saved_cs_client */;

--
-- Dumping data for table `categories`
--

LOCK TABLES `categories` WRITE;
/*!40000 ALTER TABLE `categories` DISABLE KEYS */;
INSERT INTO `categories` VALUES (2,'Beverages'),(1,'Diary'),(3,'Meat'),(4,'Vegetables');
/*!40000 ALTER TABLE `categories` ENABLE KEYS */;
UNLOCK TABLES;

--
-- Table structure for table `loginlogs`
--

DROP TABLE IF EXISTS `loginlogs`;
/*!40101 SET @saved_cs_client     = @@character_set_client */;
/*!50503 SET character_set_client = utf8mb4 */;
CREATE TABLE `loginlogs` (
  `LogId` int NOT NULL AUTO_INCREMENT,
  `userGmail` varchar(55) NOT NULL,
  `LoginDate` date NOT NULL,
  PRIMARY KEY (`LogId`)
) ENGINE=InnoDB DEFAULT CHARSET=utf8mb4 COLLATE=utf8mb4_0900_ai_ci;
/*!40101 SET character_set_client = @saved_cs_client */;

--
-- Dumping data for table `loginlogs`
--

LOCK TABLES `loginlogs` WRITE;
/*!40000 ALTER TABLE `loginlogs` DISABLE KEYS */;
/*!40000 ALTER TABLE `loginlogs` ENABLE KEYS */;
UNLOCK TABLES;

--
-- Table structure for table `permissions`
--

DROP TABLE IF EXISTS `permissions`;
/*!40101 SET @saved_cs_client     = @@character_set_client */;
/*!50503 SET character_set_client = utf8mb4 */;
CREATE TABLE `permissions` (
  `PermissionId` int NOT NULL AUTO_INCREMENT,
  `PermissionName` varchar(45) NOT NULL,
  PRIMARY KEY (`PermissionId`)
) ENGINE=InnoDB DEFAULT CHARSET=utf8mb4 COLLATE=utf8mb4_0900_ai_ci;
/*!40101 SET character_set_client = @saved_cs_client */;

--
-- Dumping data for table `permissions`
--

LOCK TABLES `permissions` WRITE;
/*!40000 ALTER TABLE `permissions` DISABLE KEYS */;
/*!40000 ALTER TABLE `permissions` ENABLE KEYS */;
UNLOCK TABLES;

--
-- Table structure for table `productprices`
--

DROP TABLE IF EXISTS `productprices`;
/*!40101 SET @saved_cs_client     = @@character_set_client */;
/*!50503 SET character_set_client = utf8mb4 */;
CREATE TABLE `productprices` (
  `productId` int NOT NULL,
  `supermarketid` int NOT NULL,
  `price` int NOT NULL,
  `date` date NOT NULL,
  `IsActivePrice` int NOT NULL,
  PRIMARY KEY (`price`,`date`),
  KEY `prid_idx` (`productId`),
  KEY `spid_idx` (`supermarketid`),
  CONSTRAINT `prid` FOREIGN KEY (`productId`) REFERENCES `products` (`productId`),
  CONSTRAINT `spid` FOREIGN KEY (`supermarketid`) REFERENCES `supermarket` (`supermarketId`)
) ENGINE=InnoDB DEFAULT CHARSET=utf8mb4 COLLATE=utf8mb4_0900_ai_ci;
/*!40101 SET character_set_client = @saved_cs_client */;

--
-- Dumping data for table `productprices`
--

LOCK TABLES `productprices` WRITE;
/*!40000 ALTER TABLE `productprices` DISABLE KEYS */;
INSERT INTO `productprices` VALUES (3,1,2,'2022-09-06',0),(1,1,4,'2022-09-06',0),(1,2,6,'2022-09-06',0),(4,1,10,'2022-09-06',0),(4,2,12,'2022-09-06',0),(2,2,18,'2022-09-06',0),(2,1,20,'2022-09-06',0);
/*!40000 ALTER TABLE `productprices` ENABLE KEYS */;
UNLOCK TABLES;

--
-- Table structure for table `products`
--

DROP TABLE IF EXISTS `products`;
/*!40101 SET @saved_cs_client     = @@character_set_client */;
/*!50503 SET character_set_client = utf8mb4 */;
CREATE TABLE `products` (
  `productId` int NOT NULL AUTO_INCREMENT,
  `productName` varchar(255) NOT NULL,
  `BarcodeNb` int NOT NULL,
  `productDescription` varchar(255) DEFAULT NULL,
  `categoryId` int NOT NULL,
  PRIMARY KEY (`productId`),
  KEY `ctgr_idx` (`categoryId`),
  CONSTRAINT `ctgr` FOREIGN KEY (`categoryId`) REFERENCES `categories` (`categoryId`) ON DELETE CASCADE
) ENGINE=InnoDB AUTO_INCREMENT=6 DEFAULT CHARSET=utf8mb4 COLLATE=utf8mb4_0900_ai_ci;
/*!40101 SET character_set_client = @saved_cs_client */;

--
-- Dumping data for table `products`
--

LOCK TABLES `products` WRITE;
/*!40000 ALTER TABLE `products` DISABLE KEYS */;
INSERT INTO `products` VALUES (1,'picon',100500,'8 pieces',1),(2,'Beaf',668973,'1 kilo',3),(3,'Tomato',320982,'1 kilo',4),(4,'pepsi',9543,'1.25 liter',2),(5,'Labneh',445098,'500 gram',1);
/*!40000 ALTER TABLE `products` ENABLE KEYS */;
UNLOCK TABLES;

--
-- Table structure for table `rolepermissions`
--

DROP TABLE IF EXISTS `rolepermissions`;
/*!40101 SET @saved_cs_client     = @@character_set_client */;
/*!50503 SET character_set_client = utf8mb4 */;
CREATE TABLE `rolepermissions` (
  `RoleId` int NOT NULL,
  `PermissionId` int NOT NULL,
  PRIMARY KEY (`RoleId`,`PermissionId`),
  KEY `forg2_idx` (`PermissionId`),
  CONSTRAINT `forg1` FOREIGN KEY (`RoleId`) REFERENCES `roles` (`RoleId`),
  CONSTRAINT `forg2` FOREIGN KEY (`PermissionId`) REFERENCES `permissions` (`PermissionId`)
) ENGINE=InnoDB DEFAULT CHARSET=utf8mb4 COLLATE=utf8mb4_0900_ai_ci;
/*!40101 SET character_set_client = @saved_cs_client */;

--
-- Dumping data for table `rolepermissions`
--

LOCK TABLES `rolepermissions` WRITE;
/*!40000 ALTER TABLE `rolepermissions` DISABLE KEYS */;
/*!40000 ALTER TABLE `rolepermissions` ENABLE KEYS */;
UNLOCK TABLES;

--
-- Table structure for table `roles`
--

DROP TABLE IF EXISTS `roles`;
/*!40101 SET @saved_cs_client     = @@character_set_client */;
/*!50503 SET character_set_client = utf8mb4 */;
CREATE TABLE `roles` (
  `RoleId` int NOT NULL AUTO_INCREMENT,
  `RoleName` varchar(50) NOT NULL,
  PRIMARY KEY (`RoleId`)
) ENGINE=InnoDB DEFAULT CHARSET=utf8mb4 COLLATE=utf8mb4_0900_ai_ci;
/*!40101 SET character_set_client = @saved_cs_client */;

--
-- Dumping data for table `roles`
--

LOCK TABLES `roles` WRITE;
/*!40000 ALTER TABLE `roles` DISABLE KEYS */;
/*!40000 ALTER TABLE `roles` ENABLE KEYS */;
UNLOCK TABLES;

--
-- Table structure for table `supermarket`
--

DROP TABLE IF EXISTS `supermarket`;
/*!40101 SET @saved_cs_client     = @@character_set_client */;
/*!50503 SET character_set_client = utf8mb4 */;
CREATE TABLE `supermarket` (
  `supermarketId` int NOT NULL AUTO_INCREMENT,
  `supermarketName` varchar(45) NOT NULL,
  `supermarketRegion` varchar(45) NOT NULL,
  `supermarketDescription` varchar(255) DEFAULT NULL,
  PRIMARY KEY (`supermarketId`)
) ENGINE=InnoDB AUTO_INCREMENT=3 DEFAULT CHARSET=utf8mb4 COLLATE=utf8mb4_0900_ai_ci;
/*!40101 SET character_set_client = @saved_cs_client */;

--
-- Dumping data for table `supermarket`
--

LOCK TABLES `supermarket` WRITE;
/*!40000 ALTER TABLE `supermarket` DISABLE KEYS */;
INSERT INTO `supermarket` VALUES (1,'Rammal','ghobiery','open all the week'),(2,'Karffor','Hadath','open from 8 am to 12 pm');
/*!40000 ALTER TABLE `supermarket` ENABLE KEYS */;
UNLOCK TABLES;

--
-- Table structure for table `usergmails`
--

DROP TABLE IF EXISTS `usergmails`;
/*!40101 SET @saved_cs_client     = @@character_set_client */;
/*!50503 SET character_set_client = utf8mb4 */;
CREATE TABLE `usergmails` (
  `UserId` int NOT NULL,
  `UserGmail` varchar(55) NOT NULL,
  `password` varchar(55) NOT NULL,
  PRIMARY KEY (`UserGmail`),
  KEY `gm_idx` (`UserId`),
  CONSTRAINT `gm` FOREIGN KEY (`UserId`) REFERENCES `users` (`UserId`) ON DELETE CASCADE
) ENGINE=InnoDB DEFAULT CHARSET=utf8mb4 COLLATE=utf8mb4_0900_ai_ci;
/*!40101 SET character_set_client = @saved_cs_client */;

--
-- Dumping data for table `usergmails`
--

LOCK TABLES `usergmails` WRITE;
/*!40000 ALTER TABLE `usergmails` DISABLE KEYS */;
/*!40000 ALTER TABLE `usergmails` ENABLE KEYS */;
UNLOCK TABLES;

--
-- Table structure for table `userpermissions`
--

DROP TABLE IF EXISTS `userpermissions`;
/*!40101 SET @saved_cs_client     = @@character_set_client */;
/*!50503 SET character_set_client = utf8mb4 */;
CREATE TABLE `userpermissions` (
  `UserId` int NOT NULL,
  `PermissionId` int NOT NULL,
  PRIMARY KEY (`UserId`,`PermissionId`),
  KEY `fgn2_idx` (`PermissionId`),
  CONSTRAINT `fgn1` FOREIGN KEY (`UserId`) REFERENCES `users` (`UserId`) ON DELETE CASCADE,
  CONSTRAINT `fgn2` FOREIGN KEY (`PermissionId`) REFERENCES `permissions` (`PermissionId`) ON DELETE CASCADE
) ENGINE=InnoDB DEFAULT CHARSET=utf8mb4 COLLATE=utf8mb4_0900_ai_ci;
/*!40101 SET character_set_client = @saved_cs_client */;

--
-- Dumping data for table `userpermissions`
--

LOCK TABLES `userpermissions` WRITE;
/*!40000 ALTER TABLE `userpermissions` DISABLE KEYS */;
/*!40000 ALTER TABLE `userpermissions` ENABLE KEYS */;
UNLOCK TABLES;

--
-- Table structure for table `userroles`
--

DROP TABLE IF EXISTS `userroles`;
/*!40101 SET @saved_cs_client     = @@character_set_client */;
/*!50503 SET character_set_client = utf8mb4 */;
CREATE TABLE `userroles` (
  `UserId` int NOT NULL,
  `RoleId` int NOT NULL,
  PRIMARY KEY (`UserId`,`RoleId`),
  KEY `frg2_idx` (`RoleId`),
  CONSTRAINT `frg1` FOREIGN KEY (`UserId`) REFERENCES `users` (`UserId`) ON DELETE CASCADE,
  CONSTRAINT `frg2` FOREIGN KEY (`RoleId`) REFERENCES `roles` (`RoleId`) ON DELETE CASCADE
) ENGINE=InnoDB DEFAULT CHARSET=utf8mb4 COLLATE=utf8mb4_0900_ai_ci;
/*!40101 SET character_set_client = @saved_cs_client */;

--
-- Dumping data for table `userroles`
--

LOCK TABLES `userroles` WRITE;
/*!40000 ALTER TABLE `userroles` DISABLE KEYS */;
/*!40000 ALTER TABLE `userroles` ENABLE KEYS */;
UNLOCK TABLES;

--
-- Table structure for table `users`
--

DROP TABLE IF EXISTS `users`;
/*!40101 SET @saved_cs_client     = @@character_set_client */;
/*!50503 SET character_set_client = utf8mb4 */;
CREATE TABLE `users` (
  `UserId` int NOT NULL AUTO_INCREMENT,
  `Name` varchar(55) NOT NULL,
  PRIMARY KEY (`UserId`)
) ENGINE=InnoDB DEFAULT CHARSET=utf8mb4 COLLATE=utf8mb4_0900_ai_ci;
/*!40101 SET character_set_client = @saved_cs_client */;

--
-- Dumping data for table `users`
--

LOCK TABLES `users` WRITE;
/*!40000 ALTER TABLE `users` DISABLE KEYS */;
/*!40000 ALTER TABLE `users` ENABLE KEYS */;
UNLOCK TABLES;

--
-- Table structure for table `usersphonenumber`
--

DROP TABLE IF EXISTS `usersphonenumber`;
/*!40101 SET @saved_cs_client     = @@character_set_client */;
/*!50503 SET character_set_client = utf8mb4 */;
CREATE TABLE `usersphonenumber` (
  `UserId` int DEFAULT NULL,
  `SuperMarketId` int DEFAULT NULL,
  `PhoneNumber` varchar(45) NOT NULL,
  PRIMARY KEY (`PhoneNumber`),
  KEY `usf1_idx` (`UserId`),
  KEY `usf2_idx` (`SuperMarketId`),
  CONSTRAINT `usf1` FOREIGN KEY (`UserId`) REFERENCES `users` (`UserId`) ON DELETE CASCADE,
  CONSTRAINT `usf2` FOREIGN KEY (`SuperMarketId`) REFERENCES `supermarket` (`supermarketId`) ON DELETE CASCADE
) ENGINE=InnoDB DEFAULT CHARSET=utf8mb4 COLLATE=utf8mb4_0900_ai_ci;
/*!40101 SET character_set_client = @saved_cs_client */;

--
-- Dumping data for table `usersphonenumber`
--

LOCK TABLES `usersphonenumber` WRITE;
/*!40000 ALTER TABLE `usersphonenumber` DISABLE KEYS */;
INSERT INTO `usersphonenumber` VALUES (NULL,1,'71007009'),(NULL,2,'81565749');
/*!40000 ALTER TABLE `usersphonenumber` ENABLE KEYS */;
UNLOCK TABLES;
/*!40103 SET TIME_ZONE=@OLD_TIME_ZONE */;

/*!40101 SET SQL_MODE=@OLD_SQL_MODE */;
/*!40014 SET FOREIGN_KEY_CHECKS=@OLD_FOREIGN_KEY_CHECKS */;
/*!40014 SET UNIQUE_CHECKS=@OLD_UNIQUE_CHECKS */;
/*!40101 SET CHARACTER_SET_CLIENT=@OLD_CHARACTER_SET_CLIENT */;
/*!40101 SET CHARACTER_SET_RESULTS=@OLD_CHARACTER_SET_RESULTS */;
/*!40101 SET COLLATION_CONNECTION=@OLD_COLLATION_CONNECTION */;
/*!40111 SET SQL_NOTES=@OLD_SQL_NOTES */;

-- Dump completed on 2022-09-06 21:10:26
